machine_id,sequence_length,engine_type,is_failing_machine,failure_position,failure_type,min_air_temp,max_air_temp,min_process_temp,max_process_temp,min_rpm,max_rpm,min_torque,max_torque,min_tool_wear,max_tool_wear,initial_RUL,final_RUL
H29434,82,H,0,,No Failure,296.0,304.0,305.0,314.0,1200.0,1410.5856015542072,36.37023577994096,48.615081618814784,17.534430209133586,58.0,118.26102682707804,58.56067534373515
H29550,83,H,0,,No Failure,296.0,304.0,305.0,314.0,1420.0,1637.9901359693029,39.877549865020534,53.08790414820024,30.931471037730535,143.0,112.31519119217592,57.07062723142798
H29552,60,H,0,,No Failure,296.0,304.0,305.0,314.0,1388.9024813822698,1619.8526725131924,40.81103218044562,56.32223874502688,36.718216383465624,150.0,115.58727963339969,58.65141508871503
H29712,63,H,0,,No Failure,296.0,304.0,305.0,314.0,1985.8132179615907,2389.8025409216216,16.350813141216715,21.721142285729204,47.75773180745701,126.0,106.8759812873438,56.4133630482629
H29884,74,H,0,,No Failure,296.0,304.0,305.0,314.0,1375.1172962086127,1588.657358860456,39.089944664229584,51.17574081106882,28.194305522056315,134.0,98.96840901421105,49.70423105308993
H30083,100,H,0,,No Failure,296.0,303.8567219528184,305.0,314.0,1427.411800864521,1643.1310684471564,32.125818057674934,44.02286662671453,67.88376609048917,199.42111834477208,136.75569169489646,64.81812651722873
H30096,101,H,0,,No Failure,296.0,304.0,305.0,314.0,1390.0604012031754,1622.7253225416202,39.584772255792636,56.11073556137434,5.345152322584755,23.674260704148526,153.68276430109688,73.99792054619179
H30537,115,H,1,85.0,Power Failure,296.0,302.46027405106696,305.0,314.0,1313.00393054289,1540.6907597430354,52.82881460342841,70.0,36.77620579207828,100.0,110.83413125858006,0.0
H30585,87,H,0,,No Failure,296.0,303.96510289000815,305.0,314.0,1383.6380623234986,1884.8498028870815,35.234328860886336,50.27133964148531,58.07805086158015,222.0,106.38345887769049,56.03684362035774
H30676,62,H,0,,No Failure,296.0,304.0,305.0,314.0,1615.9661589388256,1832.0851413753808,27.9291833462448,39.66267088078722,8.687351149633573,29.0,98.77773318244984,52.62686817823856
H31096,109,H,1,89.0,Tool Wear Failure,296.0,304.0,305.0,314.0,1599.3304749439862,1905.0866890499444,32.5479362282614,45.13490086008384,83.52090910800878,228.16789949076676,105.68839023859559,0.0
H32024,92,H,0,,No Failure,296.0,304.0,305.0,314.0,1502.0758081513188,1773.4229483291,34.77513345932883,47.977580303020886,9.964678093072466,50.0,127.7510382899272,69.03644953814627
H32168,63,H,0,,No Failure,296.0,304.0,305.0,314.0,1359.4708106010328,1642.17477027603,27.294187081532005,37.51907566431471,42.07734447619206,194.0,89.54890732806494,48.571554087077764
H32366,77,H,0,,No Failure,296.0,304.0,305.0,314.0,1428.9033699199995,1668.4886678653545,26.958373789834233,35.08778048871725,7.195517458920351,29.0,124.3893582454502,60.286012632158695
H33087,60,H,0,,No Failure,296.0,304.0,305.0,314.0,1374.8626582562233,1546.74072748841,37.913546804378484,52.882748696041446,55.169647301259175,152.0,84.03990811434169,42.014609150200634
H33674,73,H,0,,No Failure,296.0,304.0,305.0,314.0,1374.024353469244,1526.706407917318,37.385019529550945,51.46205901863183,50.05179185676545,130.0,97.76234050086057,51.02033645760494
H33728,98,H,0,,No Failure,296.0,304.0,305.0,314.0,1491.7580439253998,1736.1307271020821,27.55493556309986,36.906556798879684,14.886731270353643,39.0,132.96122543967246,70.5471252201708
H33781,80,H,0,,No Failure,296.0,304.0,305.0,314.0,1359.6053227820507,1589.8393558502491,36.824050517732566,49.323659091996554,52.11653342865101,185.0,134.2172111357778,63.38720252549975
H33834,108,H,0,,No Failure,296.0,304.0,305.0,314.0,1790.5271231252902,2050.166641916355,17.897240193559462,24.785043301493392,21.42964717542364,87.0,161.3463724041841,80.50553712639544
H33979,107,H,1,89.0,Heat Dissipation Failure,296.0,304.0,305.0,314.0,1275.0,1459.3124144048675,47.18702315481121,67.9044257050148,9.707993290298027,25.0,101.2891089958453,0.0
H34167,117,H,0,,No Failure,296.0,304.0,305.0,314.0,1602.5904674620092,1878.4965035565085,31.417700297370846,42.34584791076247,9.145073474145596,43.16204033303237,160.29145739960381,78.36841481787123
H34330,80,H,0,,No Failure,297.24124116451515,304.0,305.0,314.0,1647.785525487162,1954.1535554906095,24.140182329679796,32.634780482987345,12.000079728295292,40.0,116.04073351583719,56.8653960870307
H35578,102,H,0,,No Failure,296.0,304.0,305.0,314.0,1521.4971746717365,1780.5040612921182,20.696151310867,41.15535653578216,67.97313987805288,200.0,134.2987711417134,68.79863691335888
H36201,77,H,0,,No Failure,296.0,304.0,305.0,314.0,1326.9518881665263,1536.1903322684645,49.39291709666642,68.94245351662461,20.657062981530594,68.0,130.64531931637651,66.00542303290099
H36288,74,H,0,,No Failure,296.0,304.0,305.0,314.0,1206.8487102059717,1392.2180396771612,50.61390957879591,68.25848996251804,18.471033280342812,77.0,112.9903796898627,53.86871198326635
H37108,101,H,0,,No Failure,296.0,304.0,305.0,314.0,1354.661227223536,1599.6235089878774,31.416610294652273,43.231900691598455,4.592861282105314,17.0,134.96832413985683,67.89314923282392
H37508,85,H,0,,No Failure,296.0,304.0,305.0,314.0,1525.8164968039105,1757.3881348840168,24.116647827676807,34.052388591447595,59.6563330910131,162.0,111.44807812092266,65.0263393978545
H37581,89,H,0,,No Failure,296.0,304.0,305.0,314.0,1211.4739398254358,1405.0710488975838,38.74500858095916,55.030439373879815,31.479241202810435,143.0,150.47529157369553,73.61041238179634
H37836,117,H,0,,No Failure,296.0,304.0,305.0,314.0,1243.0,1451.1328277657258,53.227491004991954,70.0,58.02237432130434,163.312515836654,142.83912501711282,70.3124965498373
H38038,104,H,0,,No Failure,296.0,304.0,305.0,314.0,1449.8392563130403,1640.4553945127886,34.36532565461338,45.834539501458046,8.191847746835077,34.0,123.03395060152917,62.40480073649389
H38099,74,H,0,,No Failure,296.0,304.0,305.0,314.0,1470.4684295001211,1684.319387681384,36.436938802902674,50.01747359117422,57.93936108802638,192.0,97.66540521426299,51.82803805397364
H38233,103,H,0,,No Failure,296.0,304.0,305.0,314.0,1280.556869536534,1519.9050457179853,40.49101374849008,59.68803480419602,29.010038464870323,120.0,125.57949497087382,66.02195196403483
H38515,75,H,0,,No Failure,296.0,304.0,305.0,314.0,1443.2467267165187,1724.5574961890366,26.9131099456292,37.22923525755083,3.2880288836925096,9.103657700564252,98.20978361060455,51.82842864007698
H38752,85,H,0,,No Failure,296.0,304.0,305.0,314.0,1485.870438481513,1683.4998499926169,26.02724590003392,35.13579012178168,53.41184716938632,212.0,141.00694651080062,69.67599010748268
H38812,109,H,0,,No Failure,296.0,304.0,305.0,314.0,1200.0,1557.5950740926326,34.54695356798628,47.541218563081806,59.145192642292,165.0,144.63804523115485,76.96799888810078
H39268,67,H,0,,No Failure,296.0,304.0,305.0,314.0,1324.7865824351063,1525.5312543975085,38.842041056408185,51.86689657733137,12.175141208682174,56.0,113.9804257397601,54.955155138748445
L47230,68,L,1,59.0,Power Failure,296.0,304.0,305.0,314.0,2500.0,2500.0,10.0,10.0,42.261332662174866,143.0,63.397890614521685,0.0
L47340,61,L,1,40.0,Overstrain Failure,296.0,304.0,305.0,314.0,1242.0984435939633,1452.2219265971985,48.52272051490819,70.0,81.30575989646326,216.0,63.089693829984505,0.0
L47342,103,L,0,,No Failure,296.0,304.0,305.0,314.0,1475.6577683472358,1725.5735971658005,30.010099907863818,41.217420188853296,0.0,0.0,160.30659659551358,80.13944399125272
L47393,98,L,0,,No Failure,296.0,304.0,305.0,314.0,1299.9714705357858,1703.263643151194,37.899138591151996,52.23971547551428,32.97618685586939,135.0,118.03707906472002,61.22057523537814
L47409,116,L,0,,No Failure,296.0,304.0,305.0,314.0,1381.3620318182873,1594.9768318553201,27.28706522290477,37.739881681550685,63.79850226467669,173.99168792363915,165.39352786971708,81.95497403454296
L47429,81,L,1,62.0,Overstrain Failure,296.0,304.0,305.0,314.0,1313.2764828949373,1613.8886430523057,47.88533763476981,70.0,78.79167210456224,219.56969846648042,81.57791372194015,0.0
L47486,84,L,0,,No Failure,296.0,304.0,305.0,314.0,1274.7440660872667,1500.5416118071378,39.324486354650084,56.9423650034171,58.09167466977195,150.0,107.3600404140304,52.53362042060679
L47554,99,L,0,,No Failure,296.0,304.0,305.0,314.0,1272.6784502250046,1499.8018751343711,36.5477859892714,50.18561079213622,43.43352515893162,113.0,152.40963320545777,79.36920076777687
L47562,83,L,0,,No Failure,296.0,304.0,305.0,314.0,1240.624912649836,1485.1499088846697,40.341173093445164,54.48431452637103,39.11707875076996,131.0,108.97050954489774,54.70569729475936
L47595,106,L,0,,No Failure,296.0,304.0,305.0,314.0,1337.0472550678887,1583.9881040291023,36.40592978598671,50.03621492183483,80.26635925313676,213.79837919292078,139.587657629938,70.05759320888073
L47637,91,L,0,,No Failure,296.0,303.4151097722354,305.0,314.0,1200.0,1380.1819616924834,45.549443873127146,59.86998527753234,27.297344876282132,103.0,128.55993105826755,64.38883341012648
L47674,94,L,0,,No Failure,296.0,304.0,305.0,314.0,1230.4811031561308,1421.8324641543445,43.17099949496051,58.37271811525965,62.4273549586989,199.0,156.66505562874107,79.54307247428456
L47677,111,L,0,,No Failure,296.0,304.0,305.0,314.0,1386.8713619184446,1606.3262344310397,34.26872645880152,46.246346815540726,75.32299231378778,209.0,162.34100585211476,77.20531045355509
L47728,99,L,0,,No Failure,296.0,304.0,305.0,314.0,1216.6947902659642,1411.1068466232043,44.85700248050945,61.064301755980345,43.81944481111952,115.0,149.6410939332385,75.15591007335
L47736,94,L,0,,No Failure,296.0,304.0,305.0,314.0,1327.7462605612604,1526.668745771882,43.664272595314614,61.115979429442575,29.859492289922276,137.0,153.51362749667013,76.70328522308405
L47847,96,L,0,,No Failure,296.0,302.2089110544672,305.0,314.0,1307.2873468393564,1538.0005871020487,41.137024356825194,55.37596855983033,46.49427860407288,193.0,132.79843932485124,61.7597302401642
L47924,119,L,0,,No Failure,296.0,304.0,305.0,314.0,1312.342727190632,1557.5147424311986,34.653732198804676,49.07786025119748,61.619208490847846,195.0,140.16328166460514,70.8065360729901
L48006,119,L,0,,No Failure,296.0,303.9357752580976,305.0,314.0,1285.9983530617633,1591.1472142858006,32.900773921198,45.12923224919452,56.93098947526573,160.0,139.65654917877617,76.09170533583166
L48025,118,L,0,,No Failure,296.0,303.1893740829973,305.0,314.0,1314.1423897277343,1540.7242653844378,34.37761220915262,48.334797048518055,51.238362397741206,208.0,142.3065636895061,81.06573493617393
L48027,62,L,1,43.0,Power Failure,296.0,303.78318756027477,305.0,314.0,2500.0,2500.0,10.0,10.0,63.92801075598962,213.0,62.52877393372434,0.0
L48059,101,L,0,,No Failure,296.0,302.9207384068826,305.0,314.0,1235.3906019221852,1450.876314477103,44.22227209182659,62.28480778619215,34.20228546437121,87.0,121.37233709333691,64.57041062462415
L48083,96,L,1,87.0,Power Failure,296.0,304.0,305.0,314.0,2184.703162628127,2500.0,12.193849109547726,17.25614877760769,29.656809089003545,149.0,95.2097030803318,0.0
L48175,73,L,0,,No Failure,296.0,304.0,305.0,314.0,1375.2729131605877,1602.8588239648857,31.460362175180187,42.665732212880116,46.040645018478095,175.0,104.95093198538396,49.369697215986804
L48194,84,L,0,,No Failure,296.0,301.7948249461197,305.0,314.0,1303.969364931644,1499.0640639782512,35.89369398716451,48.57823055970018,6.625072116018184,20.0,108.22862421774246,53.25824348901077
L48228,92,L,0,,No Failure,296.0,303.5174826726679,305.0,314.0,1580.2099445924239,1850.4222335596305,27.84335453427383,38.721047204136504,35.12940231320149,105.16730929922146,111.55327789578266,58.805367565038935
L48265,68,L,1,36.0,Overstrain Failure,296.0,304.0,305.0,314.0,1304.094114406027,1563.8930323576594,42.15081047799866,70.0,67.76155736292459,202.0,66.62671451915732,0.0
L48299,85,L,0,,No Failure,296.0,304.0,305.0,314.0,1313.5927534387174,1516.6618921898032,49.70638554153092,70.0,28.660332126842736,89.25676366562729,141.9051693644561,70.74133097856264
L48338,110,L,0,,No Failure,296.0,304.0,305.0,314.0,1367.8741728967007,1615.2184361040463,40.06109442962317,55.190953951441784,62.40579038722693,191.042077463889,150.52377931199294,75.79252859551042
L48341,94,L,1,62.0,Overstrain Failure,296.0,303.0619303859839,305.0,314.0,1296.6263369379958,1545.1500454161178,52.510994069334565,70.0,64.61694773301244,200.0,88.00625712111494,0.0
L48344,98,L,0,,No Failure,296.0,304.0,305.0,314.0,1754.0,1998.7245772705871,25.40680941886061,34.78444814238787,52.33238712443157,206.0,151.9808910060869,69.94719365392335
L48347,82,L,1,65.0,Overstrain Failure,296.0,303.19719623036025,305.0,314.0,1310.288041411113,1544.3622200497393,44.553503012644086,69.39895925684577,45.63870170163451,213.0,82.66474726679166,0.0
L48464,60,L,1,52.0,Power Failure,296.0,304.0,305.0,314.0,2076.0198622707276,2412.9298607926567,13.107047764648025,18.464184615015256,30.95116381325843,98.0,59.669806721106546,0.0
L48598,84,L,0,,No Failure,296.0,304.0,305.0,314.0,1233.0643050502133,1449.465060067685,40.92792859008872,56.679825046822444,47.16725463879218,210.0,130.06783375227096,68.97058336843399
L48612,111,L,0,,No Failure,296.0,304.0,305.0,314.0,1346.0068688114031,1594.083799045412,35.59280826857745,53.306058201758596,8.303683020249046,23.044841791169674,162.29925441039595,83.05454573035802
L48636,63,L,0,,No Failure,296.0,304.0,305.0,314.0,1296.5324464044786,1551.6385814282696,36.73384426002531,48.95204848671297,26.737810019111564,91.0,103.7528645664013,54.34808285054612
L48649,73,L,0,,No Failure,296.0,304.0,305.0,314.0,1454.3788213726234,1678.102301805274,34.974683956088626,48.51822466106812,32.15755640348281,118.0,106.11248451354786,52.85124838753758
L48676,108,L,1,59.0,Power Failure,296.0,304.0,305.0,314.0,1200.0,1479.4952370703797,59.504217564613484,70.0,63.763184103830945,189.0,108.45475831340613,0.0
L48824,110,L,0,,No Failure,296.0,304.0,305.0,314.0,1573.9030089385162,1772.116070674518,28.682757685572568,43.9759430586535,26.611658351313974,121.0,145.22614889943603,69.11625499521939
L48878,76,L,0,,No Failure,296.0,304.0,305.0,314.0,1347.6798520520324,1539.6383509548493,28.623974438619697,43.28881791612831,9.425645294268898,40.0,125.88110965790013,67.67021355624065
L48933,114,L,0,,No Failure,296.0,304.0,305.0,314.0,1307.0617268085273,1529.8372624837443,41.948406406962896,59.04380465383239,54.510540364468,180.0,170.61494806461008,81.03525015564895
L48943,90,L,1,45.0,Tool Wear Failure,296.0,304.0,305.0,314.0,1467.7174198514413,1718.9914258058673,28.039736006897403,38.46169218248838,48.09765782637664,209.0,94.26897068453614,0.0
L48945,108,L,0,,No Failure,296.0,304.0,305.0,314.0,1200.0,1431.7514951200553,44.08255854787459,60.99381783335091,1.8754729470687057,5.0,150.63693864792523,75.75638394288553
L49013,65,L,1,59.0,Overstrain Failure,296.0,304.0,305.0,314.0,1287.3210031275896,1527.6364859690298,50.388923486237246,70.0,42.96337912420833,186.0,66.92110899551129,0.0
L49039,117,L,0,,No Failure,296.0,304.0,305.0,314.0,1226.8969659555935,1410.1372281507581,39.438442548870334,53.67933411151043,19.82406953423547,60.0,156.60194058366858,76.76032285168465
L49042,99,L,0,,No Failure,296.0,304.0,305.0,314.0,1425.3242351150243,1660.5065928975655,36.9197660867971,51.50596575294374,15.722628486604481,67.0,145.20758499361537,80.54109044234266
L49071,77,L,0,,No Failure,296.0,304.0,305.0,314.0,1492.7812486873347,2027.6810170021563,25.004015895715785,34.4754996235003,53.692184207192874,139.86856289908008,109.89289865452004,57.88554747665759
L49073,75,L,0,,No Failure,296.0,304.0,305.0,314.0,1447.2981790104052,1665.1148603103204,25.68913821640008,34.678204955614184,49.605891783908376,144.0,131.66267444286513,63.35522144908122
L49143,60,L,0,,No Failure,296.0,302.7290377667289,305.0,314.0,1312.3465267228414,1537.6267577586766,36.69009224033048,51.05394611663289,38.10373689887655,111.0,103.51370172032999,50.554568713978334
L49195,118,L,1,111.0,Power Failure,296.0,304.0,305.0,314.0,1200.0,1417.8131162680138,56.68917539575164,70.0,10.70830438365533,42.08673669313082,115.60470489346581,0.0
L49293,71,L,0,,No Failure,296.0,304.0,305.0,314.0,1818.7916095918615,2064.592843273652,19.006817170237333,25.406610126711566,30.495636295956796,79.0,113.21495243759287,55.77926195711621
L49352,94,L,0,,No Failure,296.0,304.0,305.0,314.0,1624.9163925609853,1949.6146383997036,19.467674219290878,26.128048486288773,3.0250767110733814,15.098423560971048,153.14177837622407,74.84279239640306
L49413,111,L,1,99.0,Power Failure,296.0,304.0,305.0,314.0,2400.3756793644357,2500.0,11.232961208519217,15.824913132598875,42.586127062662406,179.0,106.852786538977,0.0
L49467,111,L,0,,No Failure,296.0,304.0,305.0,314.0,1625.050524504834,1887.8897483952378,18.40719193650541,31.10645247581668,26.46277855905992,107.0,142.54824428122583,70.99603644958387
L49513,104,L,0,,No Failure,296.0,304.0,305.0,314.0,1343.5876260733257,1537.1119212903457,38.11432029620128,53.666246467410915,57.16225197336564,222.0,119.69553285226797,60.44279051563826
L49525,113,L,0,,No Failure,296.0,304.0,305.0,314.0,1360.9372964504878,1580.8064854533352,33.53144441835017,45.80056345435529,7.001934697253786,22.066202663396677,141.98046641156674,69.69547691782637
L49526,106,L,0,,No Failure,296.0,304.0,305.0,314.0,1275.029403776566,1491.02901196994,40.23563225898341,55.26965618067991,6.10959952700085,24.0,162.82232590222503,87.07627601099388
L49572,118,L,0,,No Failure,296.0,304.0,305.0,314.0,1200.0,1400.0754017043532,41.81827245202561,57.774340360892175,46.48855570245605,144.0,137.18085734501855,67.74215348996172
L49674,70,L,1,43.0,Overstrain Failure,296.0,304.0,305.0,314.0,1215.3219847599007,1461.6901618502793,44.74658864983848,70.0,56.50540550060496,208.95079613014212,71.77631354909765,0.0
L49696,79,L,0,,No Failure,296.0,304.0,305.0,314.0,1557.1749357462934,1814.2678896460409,25.244689177420277,34.22415263506497,7.583553164232908,31.442881891633387,127.90579062750848,62.80653996055135
L49785,98,L,0,,No Failure,296.0,304.0,305.0,314.0,1447.3715201634645,1700.7516797585447,31.58507106974733,42.6813358600379,11.160612104800325,37.0,149.68982541367689,73.11953767084673
L49854,119,L,0,,No Failure,296.0,304.0,305.0,314.0,1451.187012496979,1708.29159307539,31.49402558783956,43.90845281376034,1.1107880545233457,4.0,144.86081585836192,76.2219721816938
L49864,95,L,0,,No Failure,296.0,304.0,305.0,314.0,1391.907597309291,1660.0839560260358,32.27314225732992,43.168745544408424,7.887379650026399,25.14925983839443,145.2997956406076,72.65969244992819
L49905,83,L,0,,No Failure,296.0,304.0,305.0,314.0,1363.0407970847941,1627.4587185301486,29.576600528220798,41.039644498297754,24.868242444969304,122.0,127.33330196162976,61.92939763070357
L49984,78,L,0,,No Failure,296.0,304.0,305.0,314.0,1221.9843546366137,1450.0,34.60502506671792,45.94662242224717,22.52546613668213,100.0,119.89579236506198,53.41826681817198
L50029,97,L,0,,No Failure,296.0,304.0,305.0,314.0,1675.6452418942952,1939.3076756389758,23.14287258792195,32.924307943957864,58.234494546340976,207.0,146.5899368705287,73.03681860630832
L50042,73,L,0,,No Failure,296.0,304.0,305.0,314.0,1678.986555533477,2097.46097792366,20.296790369394884,27.879805606907066,77.44398525268541,242.0,93.07931197410734,49.358142233391106
L50117,100,L,0,,No Failure,296.0,304.0,305.0,314.0,1728.43038076572,1990.4801815566564,22.31945481978656,31.2245941152137,52.478913223323644,195.0,131.2766152269082,69.21300882307212
L50160,73,L,0,,No Failure,296.0,304.0,305.0,314.0,1390.5777909708925,1634.4612751730206,33.684407320062654,45.62982160050589,27.114835286885093,110.0,127.8217860898337,67.04205480989755
L50299,87,L,0,,No Failure,296.0,304.0,305.0,314.0,1806.2914785252717,2070.9999949215808,20.52547391449596,27.162411830989868,7.62764814379177,26.0,125.71857643415075,62.76957730654282
L50314,63,L,0,,No Failure,296.0,304.0,305.0,314.0,1300.3503103660798,1506.2012635880187,45.16343539648698,60.499388823193605,18.58041349111902,66.0,84.32828240114489,43.95601080666918
L50331,94,L,0,,No Failure,296.0,304.0,305.0,314.0,1269.812687211123,1500.1682903951105,37.8648952688335,52.004888341422756,35.01181799250233,119.0,145.5979678593372,73.53001227162936
L50396,110,L,0,,No Failure,296.0,304.0,305.0,314.0,1585.8072437722915,1833.619569751828,22.603782171980214,32.60158264862911,15.687632788560691,62.21251978970602,157.54359771111723,80.81984434289627
L50410,111,L,0,,No Failure,296.0,304.0,305.0,314.0,1386.6671365433447,1680.6905555002984,30.320095963564572,41.82440168967699,20.088481900314992,98.28458949850557,155.53317449682496,85.14091773968129
L50443,104,L,0,,No Failure,296.0,304.0,305.0,314.0,1313.4855317566157,1531.2505308734771,45.691052961029115,64.56952975988277,72.50200097377642,186.0,144.51056274879775,70.33682249582829
L50534,102,L,0,,No Failure,296.0,304.0,305.0,314.0,1431.3031775158486,1699.7049303915453,34.153882878207774,47.064947262059576,72.85122570328657,196.55459379680713,160.40959645596328,78.85678987569406
L50536,70,L,1,38.0,Overstrain Failure,296.0,304.0,305.0,314.0,1322.3400313328407,1569.6885371536712,49.15281144489467,70.0,68.74301278982504,195.0,67.57097163711857,0.0
L50582,114,L,0,,No Failure,296.0,304.0,305.0,314.0,1200.0,1582.848832052858,44.83270124691332,62.33534734193361,26.446935423561573,104.0,156.3742092600033,78.21337203948545
L50655,107,L,0,,No Failure,296.0,304.0,305.0,314.0,1480.5332938971558,1733.8114504051257,28.060721444118467,39.225353832341725,21.849534067584766,68.0,136.3891200607476,71.66957746002055
L50666,95,L,0,,No Failure,296.0,304.0,305.0,314.0,1508.1594455888016,1782.872996843506,21.37988114530679,36.886802224012214,22.440911604512927,94.0,142.7437496546707,70.41567956663546
L50708,73,L,1,57.0,Overstrain Failure,296.0,304.0,305.0,314.0,1314.6510745096684,1590.2828186642228,46.61991112203186,69.49786884914121,53.36689781935389,212.0,67.66626426077984,0.0
L50778,77,L,0,,No Failure,296.0,304.0,305.0,314.0,1311.1986013293497,1596.509554435378,46.73508977269223,62.65049670253784,49.22947252245296,174.0,109.06620000418575,55.94892324715369
L50791,119,L,1,93.0,Tool Wear Failure,296.0,304.0,305.0,314.0,1395.784753874251,1650.0830129972005,39.218925394371986,58.6095513722327,66.24260445632466,207.0,124.11645335005005,0.0
L50807,94,L,0,,No Failure,296.0,304.0,305.0,314.0,1515.9408094967037,1775.2771514020046,25.73002381067943,36.39059534498255,9.295887007693524,39.0,154.63729383561173,77.513770577552
L50873,86,L,0,,No Failure,296.74426690656577,304.0,305.0,314.0,1361.2118893112524,1690.4038049284034,27.082044334981347,36.87927109779163,61.74911367390425,202.0,113.71119126217278,55.94837610121507
L50933,68,L,0,,No Failure,296.0,304.0,305.0,314.0,1322.2556882033443,1614.8726643564646,40.32032419413575,55.33572629435069,33.45871607756108,150.0,94.06218197729122,46.92477551666799
L50989,118,L,0,,No Failure,296.0,304.0,305.0,314.0,1287.5413518248026,1768.3196960880414,46.30979723702017,65.53807827526617,18.199232509063517,76.0,168.7467549669321,78.2013233456964
L50996,71,L,0,,No Failure,296.0,304.0,305.0,314.0,1345.6642101015425,1622.087853430452,39.77721959970624,55.986834839338044,32.52118159890531,93.0,96.61338880070052,47.220745614208234
L51034,66,L,1,41.0,Power Failure,296.0,304.0,305.0,314.0,1207.2045141691335,1389.997105268563,58.25885179713275,70.0,50.080929732328045,194.0,64.22564404358576,0.0
L51123,66,L,1,58.0,Power Failure,296.0,304.0,305.0,314.0,1231.2988639457012,1649.000172479548,59.05451962484755,70.0,71.35801754455342,205.0,69.67096754188329,0.0
L51163,120,L,0,,No Failure,296.00990294658544,304.0,305.0,314.0,1287.904372673085,1491.3305289406876,40.11341437081336,61.03321366408785,23.03429307119967,106.0,170.73103761553426,81.05613821572933
L51220,70,L,0,,No Failure,296.0,304.0,305.0,314.0,1706.5414767495524,1996.681169380691,22.959445409392284,31.03586583534997,3.2333239753498564,11.0,104.78400642511532,52.82939704466232
L51239,86,L,0,,No Failure,296.0,304.0,305.0,314.0,1352.0800500070834,1559.6814859754313,37.797081784892946,52.21806050874447,13.586662727821476,57.0,135.26134726729947,70.5835688731762
L51251,92,L,1,72.0,Power Failure,296.0,304.0,305.0,314.0,1280.0383728141203,1474.6933844690836,57.095023650015065,70.0,22.460156342583552,85.0,89.55581957375293,0.0
L51267,118,L,1,101.0,Heat Dissipation Failure,296.58672460197096,304.0,305.0,314.0,1266.914470875621,1513.3489331586313,47.13398007821782,64.79163670220379,36.43818116002787,126.0,118.76591829035198,0.0
L51276,119,L,1,109.0,Heat Dissipation Failure,296.0,304.0,305.0,314.0,1313.2820155718443,1552.9868412483324,43.30331728568255,63.57952967140138,31.34951698954182,153.0,112.83423235730407,0.0
L51299,70,L,1,41.0,Heat Dissipation Failure,296.0,304.0,305.0,314.0,1200.0,1327.430038264926,38.24061097068394,54.970409549541905,51.236400883720705,208.0,68.59661640746158,0.0
L51344,72,L,1,56.0,Heat Dissipation Failure,296.8120279712843,304.0,305.0,314.0,1252.867437123213,1516.2712058525058,40.76139641424729,56.0209564146542,25.343449519504293,109.0,71.53134332715696,0.0
L51362,67,L,1,34.0,Heat Dissipation Failure,296.0,304.0,305.0,314.0,1306.513026016901,1506.2485486457604,46.32161000689655,69.4279511622857,51.16509683358913,155.0,63.96351522622432,0.0
L51390,62,L,0,,No Failure,296.0,304.0,305.0,314.0,1536.0541394186303,1751.0048365208038,30.51104448136736,40.30386976358691,1.4764206561238102,6.0,99.88393642517626,51.35914785452886
L51406,61,L,0,,No Failure,296.7873170879288,304.0,305.0,314.0,1495.3992819233044,1744.2086082967683,31.250235159178832,43.54221766860959,14.64026090702583,43.046226631235925,119.3958187769815,59.67100398760296
L51410,98,L,0,,No Failure,296.0,304.0,305.0,314.0,1472.1948333251835,1726.6809591828007,27.52317762851621,38.43828894452607,18.361703588941094,52.00664810900431,130.35280891408982,64.78476964301952
L51427,114,L,1,105.0,Heat Dissipation Failure,296.0,304.0,305.0,314.0,1304.590115337796,1519.8724569329308,51.18220397401311,68.7235695075848,33.85970615115535,93.47786931785055,109.93573746111647,0.0
L51443,111,L,0,,No Failure,296.3220141471178,304.0,305.0,314.0,1513.7168501819497,1762.5514287382066,30.254446492626684,41.95318440946151,37.9814195365576,139.59368921505856,131.37805447021327,66.06697413321724
L51450,120,L,1,104.0,Heat Dissipation Failure,296.0,304.0,305.0,314.0,1284.0073844567034,1471.5420485731981,44.490317356239785,64.79800651567481,55.72228200761968,156.65969925655818,122.19142114077344,0.0
L51465,103,L,1,73.0,Heat Dissipation Failure,296.0,304.0,305.0,314.0,1200.0,1448.0054454998726,41.56905603632681,57.33070323170973,45.867587533506196,187.0,104.93835515434417,0.0
L51473,91,L,0,,No Failure,296.0,304.0,305.0,314.0,1320.3347215769243,1518.561538750129,35.045522434003665,60.08729096814375,82.30010705904081,209.18519784712547,135.59099864185103,69.65113137225987
L51503,61,L,1,57.0,Heat Dissipation Failure,296.0490709313839,304.0,305.0,314.0,1248.2018527702942,1474.2961386896463,43.326157819667756,63.47960213686196,17.329225531800187,64.0,58.87044112005618,0.0
L51508,78,L,1,68.0,Heat Dissipation Failure,296.0,304.0,305.0,314.0,1252.999924870768,1447.236192179223,40.711147946762054,55.35968703075976,16.240274311066962,77.0,76.76288179532904,0.0
L51517,65,L,0,,No Failure,296.0,304.0,305.0,314.0,1422.4573362160393,1642.341501752402,36.999167007034316,48.67945423612946,22.899865490672546,100.0,101.84366595108314,49.136039199925115
L51519,83,L,0,,No Failure,296.0,304.0,305.0,314.0,1353.8514410707,1555.2008251771465,40.43198989903479,54.05688424456128,31.48769633652708,106.13921272648882,135.78384225645706,67.54559565884345
L51534,70,L,0,,No Failure,297.26248382089886,304.0,305.0,314.0,1362.6324790972049,1580.3269559379694,49.40594588550363,67.7773441227876,29.187707198909855,145.0,110.50613889969397,56.948597020827755
L51550,76,L,1,60.0,Heat Dissipation Failure,296.0,304.0,305.0,314.0,1225.141800142226,1462.5782474877653,50.01881233263196,69.34332001986618,40.6650806587366,197.0,74.66041336274462,0.0
L51586,67,L,1,55.0,Heat Dissipation Failure,296.0,304.0,305.0,314.0,1200.0,1511.4471679192363,47.07910486136429,70.0,14.453136129858013,55.0,64.13124406200006,0.0
L51590,88,L,0,,No Failure,296.0,304.0,305.0,314.0,1358.792298874779,1607.6695171118422,26.861371536941675,37.79943577434184,14.071152727194498,64.52518316627398,131.53093216768394,63.715801445967784
L51601,81,L,1,70.0,Heat Dissipation Failure,296.0,304.0,305.0,314.0,1256.8210632226844,1465.39231943645,51.96875825560837,70.0,19.215433759807645,92.0,80.6991560778054,0.0
L51631,95,L,0,,No Failure,296.0,304.0,305.0,314.0,1337.397353677185,1634.4632722924891,34.40580597210865,46.282669908656594,61.3553741173354,170.0,113.71012088550349,54.105873209375844
L51655,75,L,1,43.0,Heat Dissipation Failure,297.0838891784278,304.0,305.0,314.0,1277.8772341319082,1502.1070220421793,35.454471186414025,53.970731283015056,2.2691257699766685,10.0,75.51318611452376,0.0
L51681,90,L,1,79.0,Heat Dissipation Failure,296.0,304.0,305.0,314.0,1272.4898800211802,1488.2084608925352,46.580367001688586,67.60333208052893,31.237920036878442,86.0,86.51493298118885,0.0
L51685,68,L,0,,No Failure,297.0419773905359,304.0,305.0,314.0,1353.064197422594,1581.9200294075256,41.04331278720698,55.32387476639434,19.60522837537472,95.0,94.20580041832842,45.824053142680434
L51690,74,L,1,58.0,Heat Dissipation Failure,296.9837248388681,304.0,305.0,314.0,1325.0179464592682,1516.9863122950617,53.347890085496374,70.0,29.207508877262697,106.0,76.2828308448777,0.0
L51716,119,L,1,89.0,Heat Dissipation Failure,296.0,304.0,305.0,314.0,1280.1488587981435,1510.4302840597556,38.917418295428966,52.095369689022164,42.18169059346479,169.1875552882692,114.44659745807961,0.0
L51837,61,L,0,,No Failure,296.9422448704115,304.0,305.0,314.0,1444.9568004683222,1704.7347389737638,30.784969393846513,41.59598729277354,6.796453376613785,23.0,94.30511900568179,47.5635050319447
L51882,104,L,1,94.0,Heat Dissipation Failure,296.84426522276846,304.0,305.0,314.0,1200.0,1409.8092982473545,54.17114024509305,70.0,35.695419638694986,148.0,107.24212965555236,0.0
L51887,84,L,0,,No Failure,296.0,304.0,305.0,314.0,1785.0606986563175,2077.5917341005784,20.293503604422835,27.15451126850458,32.78311263110891,159.0,128.1838193796332,63.04875729704294
L51898,116,L,1,88.0,Heat Dissipation Failure,296.0,304.0,305.0,314.0,1310.9347472249813,1509.5010499483801,48.5506796930028,66.02099663348795,55.35065550222811,187.0,116.89330122474006,0.0
L51904,79,L,0,,No Failure,296.18184842127306,304.0,305.0,314.0,1734.7284965312438,2243.832043722614,25.82415832017359,37.54935781747229,73.86327971234834,202.0,121.13999429699906,66.57330879685637
L51910,83,L,0,,No Failure,296.0,304.0,305.0,314.0,1368.4608887108232,1610.9933488272407,30.243362900796818,41.445283141016226,74.70962965184326,217.2518584114465,125.96736154736676,67.06535941031972
L51948,95,L,1,65.0,Heat Dissipation Failure,296.48219327431116,304.0,305.0,314.0,1207.8494953508987,1407.6867580131725,43.76558003861487,66.75606216739278,23.41749104909168,86.21564889080054,94.30252759968963,0.0
L51977,92,L,0,,No Failure,296.0,304.0,305.0,314.0,1230.2919405422247,1484.8253351774947,39.25481343527792,53.81400105218597,57.3755625306068,166.0,153.44903356778332,71.77481555761854
L51983,103,L,0,,No Failure,299.03624365553986,304.0,305.0,314.0,1446.1657367218788,1710.0,25.453142680673803,36.40600375212008,59.397250047559154,180.0,151.33640384698415,85.1557573979903
L52004,98,L,0,,No Failure,296.0,304.0,305.0,314.0,1364.7546150951025,1570.3869762052668,34.69784733739654,62.877705684152666,5.422775342844895,16.0,114.6264703984704,61.081315205568565
L52052,97,L,0,,No Failure,296.0,304.0,305.0,314.0,1293.9425131155451,1516.2963854002105,50.824453781181674,67.73325657218064,51.84470425522624,137.0,138.2487391696127,67.16543995142408
L52079,114,L,0,,No Failure,297.49551449192484,304.0,305.0,314.0,1944.4939943970558,2268.047049074181,15.350425912206875,21.303639627180324,74.80020975980763,219.0112371704995,138.75527947491395,66.72828456645216
L52116,110,L,1,103.0,Power Failure,296.0,304.0,305.0,314.0,1277.8789949005577,1522.0343942536126,58.12938125968555,70.0,32.98162710538439,94.0,114.29692099584412,0.0
L52125,117,L,0,,No Failure,296.0,304.0,305.0,314.0,1343.3818440316263,1557.9986737189224,36.116474919648624,51.825516146692955,32.139746905704854,119.9235056389297,177.1708184251399,88.89876810144051
L52169,79,L,0,,No Failure,296.0,304.0,305.0,314.0,1200.0,1785.8457886165597,32.219000873293346,43.76133478253381,2.781634583138697,7.0,125.71456209182556,64.16712940694106
L52216,83,L,0,,No Failure,296.0,304.0,305.0,314.0,1580.6894092191287,1995.4998976340767,32.96154924231503,43.85811411530739,41.99961259623442,127.0,122.88468447827576,65.79289645963908
L52330,101,L,0,,No Failure,299.0607865265709,304.0,305.0,314.0,1548.3783490625997,1771.3743792110838,26.18191329936552,34.209509911857076,3.7370324722357067,17.0,158.2009874636191,75.15039332687769
L52391,100,L,0,,No Failure,297.23766136017616,304.0,305.0,314.0,1341.9100456908564,1544.326087261898,45.439149745865436,63.22479961328696,41.201618464207975,185.0,142.2901206607427,67.83671829651105
L52516,116,L,0,,No Failure,296.0,304.0,305.0,314.0,1546.6390179810764,1815.2951538163147,28.0010378487423,39.13435879865789,20.311258981164432,71.0,143.56971493670218,68.68786877377816
L52527,91,L,0,,No Failure,297.50122797529167,304.0,305.0,314.0,1200.0,1392.6629299173237,43.97755815086294,70.0,32.49496754850042,100.2355194844296,112.66323657082683,57.42386435774892
L52571,116,L,0,,No Failure,296.0,304.0,305.0,314.0,1456.4817341806695,1750.476436734472,29.468743053909087,39.90869618300415,69.90880167660545,228.0,157.00494665065028,78.82832561293728
L52587,91,L,0,,No Failure,296.0,304.0,305.0,314.0,1840.7343086207227,2148.0819784558244,20.66424929790382,29.142265223646223,3.9376338255501784,13.0,112.71441871394238,57.09734330287675
L52591,100,L,0,,No Failure,296.5691015020108,304.0,305.0,314.0,1394.745257269828,1620.0328484083705,33.807619972560545,45.995543617635825,6.404348650596912,22.126942531123394,148.58681050514136,79.31881774038558
L52668,108,L,1,82.0,Overstrain Failure,296.0,304.0,305.0,314.0,1377.4506778972222,1644.3426359692364,43.11058524074208,70.0,76.39851816654303,214.85306520277067,100.75739601331018,0.0
L52691,119,L,0,,No Failure,296.0,304.0,305.0,314.0,1836.8745278108306,2150.601626363238,17.062116498735044,23.47849854246355,15.62042531350256,56.551918515286,157.89159091471345,81.5980543043362
L52748,65,L,0,,No Failure,296.40435892982345,304.0,305.0,314.0,1316.2783787460692,1544.6773521901007,33.04177280688905,43.66053080764492,0.9400768343078332,3.0,107.75447801265345,50.561113930231954
L52771,67,L,0,,No Failure,296.0,304.0,305.0,314.0,1491.020069439427,1695.2923307528868,29.17045533011944,39.415807081496595,20.356942954421637,63.0,90.22030242576129,44.248476689434185
L52875,81,L,0,,No Failure,296.0,304.0,305.0,314.0,1423.3673707188752,1668.1728505790495,36.80078112419838,48.004464545512455,34.86271351463479,110.0,118.98671738016321,57.22181681290511
L52957,82,L,0,,No Failure,296.0,304.0,305.0,314.0,1234.7238731762961,1443.9996655499917,35.81803262044081,60.44902699367968,23.147542440729886,106.0,111.18668333183469,55.18422868781921
L52992,93,L,0,,No Failure,296.0,304.0,305.0,314.0,1419.1618234682762,1647.5716770221486,31.22904086627854,42.349193778321805,48.83929700649809,193.0,139.22135524138605,66.29519072164355
L53024,83,L,0,,No Failure,296.0,304.0,305.0,314.0,1379.196274044291,1590.2520472901788,29.53569754776135,43.616061712008865,8.407197413071204,41.0,109.33294436811019,55.04404378705924
L53050,93,L,0,,No Failure,296.0,304.0,305.0,314.0,1913.6154002186545,2211.9044913292323,14.508153388209534,21.917533726316748,35.02456772810524,105.69442002243315,122.23920535741757,63.00391050530167
L53056,62,L,0,,No Failure,296.0,304.0,305.0,314.0,1332.9777731145123,1547.7767836919884,45.231033517558025,59.80919099170711,31.836103647135516,121.0,82.03101034893082,40.92079459457993
L53111,84,L,0,,No Failure,296.0,304.0,305.0,314.0,1267.7931619837739,1423.9846510829307,46.614801561715666,63.32618983244408,13.546261069235342,52.0,110.6506980988144,56.10961963648598
L53148,64,L,0,,No Failure,296.0,304.0,305.0,314.0,1249.408118600389,1458.1659594054374,47.28883965779065,64.71580415584621,51.379021663261675,146.0,120.99982049368249,59.71717345967893
L53204,116,L,1,110.0,Power Failure,296.0,304.0,305.0,314.0,1356.0,1567.3722356210367,54.17917239793883,70.0,13.584460594580248,66.0,112.13848184187903,0.0
L53231,118,L,0,,No Failure,296.0,304.0,305.0,314.0,1228.2629532210758,1474.3480011154184,42.454891474804505,61.26647284874271,43.72679049088217,136.0,169.52903759409654,90.70434233371188
L53338,99,L,0,,No Failure,296.0,304.0,305.0,314.0,1571.1522970526396,1837.2432597402108,25.22050482974194,34.147152958293134,39.80529203340558,188.0,125.62704018656564,63.78044548646546
L53352,110,L,1,61.0,Tool Wear Failure,296.0,304.0,305.0,314.0,1577.0,1867.0116839422194,33.29942263900337,46.42010877252443,63.488097701945044,227.0,113.3628539708469,0.0
L53408,114,L,0,,No Failure,296.0,304.0,305.0,314.0,1322.6175895850683,1515.5830186302462,42.20996745050921,56.94980515010423,42.988532994985164,141.0,136.18311605407692,69.79562724906425
L53412,94,L,0,,No Failure,296.0,304.0,305.0,314.0,1516.6372094567441,1779.314813168125,24.608749568266006,35.067718445987005,50.082821142528026,151.0,114.06601628153071,56.05359646922064
L53428,64,L,1,56.0,Power Failure,296.0,304.0,305.0,314.0,1366.4685380252579,1563.130027599938,51.852312686797006,70.0,42.35634592115113,189.0,63.54622370955724,0.0
L53435,113,L,1,62.0,Overstrain Failure,296.0,304.0,305.0,314.0,1283.5450005852424,1559.5687023471478,48.053688918137304,70.0,66.68720464642279,204.0,117.00233832495499,0.0
L53436,95,L,1,52.0,Tool Wear Failure,296.0,304.0,305.0,314.0,1377.8070412941654,1638.1608177310104,33.15678439254605,46.54361806215801,60.373656014359504,206.0,89.08754971944889,0.0
L53589,99,L,0,,No Failure,296.0,304.0,305.0,314.0,1515.6915090238617,1739.390857168642,33.76947033039226,46.939514630981705,69.34805014928493,182.0,140.6936869389578,68.61130063762181
L53663,101,L,0,,No Failure,296.0,304.0,305.0,314.0,1318.4383770875247,1519.915697282833,38.91278001478432,52.53081611726674,43.500837048524005,155.0,135.12157484602199,72.31521306151119
L53843,66,L,0,,No Failure,296.0,304.0,305.0,314.0,1345.0293369359886,1636.9990257559355,41.45934082583788,55.64688886390517,68.32792265155436,193.0,109.50910075078787,54.71780889856252
L53855,61,L,0,,No Failure,296.0,304.0,305.0,314.0,1490.6027477670784,1764.6208385808693,18.175868687418646,32.67000221315842,52.54823032816287,220.0,90.05475837240861,44.2600491757072
L53860,87,L,0,,No Failure,296.0,304.0,305.0,314.0,1257.4186946016216,1476.2195071914825,42.13953715499789,56.90250975532451,1.4882630510883588,5.0062342373025155,124.42040860652446,60.992418870822995
L53934,91,L,0,,No Failure,296.0,304.0,305.0,314.0,1351.2618349859933,1548.3411154606274,31.199803766581,43.43219309751479,59.287015689630024,197.0,139.40994178981236,75.07718353924473
L53971,75,L,0,,No Failure,296.0,304.0,305.0,314.0,1479.8405668333419,1767.8137076474493,35.27151774951216,47.75572913955859,20.08745858340587,82.76482770520117,114.35775331718186,60.86738007383611
L53972,114,L,0,,No Failure,296.0,304.0,305.0,314.0,1663.164355393813,1925.0130898445154,19.963224009301783,27.528687514955635,24.504679662598075,84.0,155.5588465106164,77.66292277263156
L53984,109,L,0,,No Failure,296.0,304.0,305.0,314.0,1419.3414924694305,1639.0602173391694,28.377422022133448,39.18991592245455,36.771665235640775,114.0,164.3461768349803,89.20283926238939
L54022,60,L,0,,No Failure,296.0,304.0,305.0,314.0,1490.7489375446605,1691.9466065016359,25.91431102831605,33.59764259479018,77.89024149756708,211.0,100.66603536655452,53.05768937272098
L54158,70,L,0,,No Failure,296.37471212715036,304.0,305.0,314.0,1364.4145646478967,1596.4818433039866,42.815437649655806,57.95091948948302,40.383165114045426,137.45225123485204,99.75553278662274,48.699552218129945
L54209,98,L,0,,No Failure,296.0,304.0,305.0,314.0,1308.334895922305,1552.8541763975238,32.73018631653484,44.83630860400916,21.054307492115615,67.0,152.27500973858832,78.98826159398003
L54271,103,L,0,,No Failure,296.0,304.0,305.0,314.0,1244.4446791521943,1451.9745081356593,44.07598995569673,60.733531630046656,2.6507357951627757,8.0,162.53580411013203,82.92364393195925
L54286,67,L,0,,No Failure,296.0,304.0,305.0,314.0,1353.2097835769227,1573.667880084163,32.60534010555208,45.142439590896714,9.420540436354441,47.0,91.40107388816797,46.95238916109439
L54358,85,L,0,,No Failure,296.0,304.0,305.0,314.0,1439.1935288912064,1712.016258012254,27.414662026731868,36.50229487767504,6.87201539517012,23.23529564376126,143.330685024789,71.0297894953464
L54374,119,L,0,,No Failure,296.0,304.0,305.0,314.0,1288.6216356951302,1475.187134429943,44.61926444615404,60.77212018155296,15.437635806774917,59.0,175.51307188229322,83.8779087680181
L54450,82,L,0,,No Failure,296.0,304.0,305.0,314.0,1616.720460953966,1873.1249186196067,21.1922262985818,30.06458546410766,8.13012563412592,35.0,132.17648112401704,63.436149568002044
L54460,115,L,1,77.0,Power Failure,296.0,304.0,305.0,314.0,1200.0,1452.9265048961022,57.4097096066651,70.0,13.717486197452487,62.0,110.27116039498512,0.0
L54519,119,L,0,,No Failure,296.0,304.0,305.0,314.0,1494.2807248463478,1735.4605063599824,30.79447499119748,41.95453618264821,0.0,0.0,169.18841270180695,83.44303761265127
L54531,107,L,0,,No Failure,296.0,304.0,305.0,314.0,1286.1217634471452,1577.0378534219178,36.698077745463735,50.767576078968816,10.475303985827757,28.0,129.48483835907365,62.9587663263109
L54584,113,L,0,,No Failure,296.0,304.0,305.0,314.0,1404.6321886526305,1658.3873457022344,26.99848796586664,38.34782750272251,44.938616148670604,161.0,160.77135127959554,82.61783744124962
L54640,67,L,0,,No Failure,296.0,304.0,305.0,314.0,1282.0145978741762,1501.7205341051745,36.089416338135905,48.31494113331975,18.275270326356466,81.0,117.14862020704227,52.957310755702174
L54648,64,L,0,,No Failure,296.0,304.0,305.0,314.0,1350.1998389477988,1617.3142390106154,31.832206597578605,43.93286553587097,35.080060881851246,107.52020816547515,111.92872286986233,61.43679582032628
L54684,120,L,0,,No Failure,296.0,304.0,305.0,314.0,1507.0976237457126,1751.1599976052396,35.70775533957925,48.419493533845824,49.87107879167809,201.0,146.69651890670232,78.17911374417885
L54686,87,L,0,,No Failure,296.0,304.0,305.0,314.0,1465.1308687628832,1689.5960770601014,36.55899874772121,48.122606706697255,47.96536040107691,205.69949473038724,134.51308117098068,68.15717141302613
L54689,61,L,1,56.0,Overstrain Failure,296.0,304.0,305.0,314.0,1244.0415209247374,1498.729150951034,52.491847477466195,70.0,75.33482058834052,212.0,61.70529559210546,0.0
L54714,103,L,0,,No Failure,296.0,304.0,305.0,314.0,1325.0345902658228,1568.3948756000736,39.44978153372464,55.30687473239334,17.096768706523438,60.0,126.8441065311272,62.371739089495975
L54716,89,L,1,73.0,Power Failure,296.0,304.0,305.0,314.0,2314.1393389095383,2500.0,10.679997759219189,15.062412159392826,19.631692189806753,64.74173462435613,88.91362507688368,0.0
L54736,119,L,0,,No Failure,296.0,304.0,305.0,314.0,1279.1153290423529,1499.1726308778605,31.629325430175854,48.898585187878034,33.67070312860579,114.70468898741638,149.46483296597754,72.5919032157928
L54749,80,L,1,75.0,Power Failure,296.0,304.0,305.0,314.0,1249.7112218516186,1437.8126072149541,61.77548087363482,70.0,37.70510691915451,149.0,83.19660225849952,0.0
L54807,86,L,0,,No Failure,296.0,304.0,305.0,314.0,1240.7890872296564,1481.5284003425643,38.602076832404805,50.99552021023016,31.81564439749078,83.49748755632858,135.47012738194826,68.62264833411872
L54810,117,L,0,,No Failure,296.0,304.0,305.0,314.0,1403.674740184955,1622.386425344938,31.054927468561843,44.25788091833517,21.414928884104306,91.4653774274035,151.28644766280536,71.53426752840113
L54873,98,L,0,,No Failure,296.0,304.0,305.0,314.0,1741.4034117438805,2074.168440425693,18.111428942255827,25.136186794264475,2.9729769514786883,15.0,137.126628196618,64.9845921399765
L54889,112,L,0,,No Failure,296.0,304.0,305.0,314.0,1296.7008645178812,1548.743292749041,33.299117557096395,48.30557813824202,23.89578921868407,66.8652553589186,136.71406809468021,65.92224324368794
L54936,72,L,1,65.0,Overstrain Failure,296.0,304.0,305.0,314.0,1323.0373562594073,1579.5337552241062,50.738731564176334,70.0,63.11406504630988,191.0,72.80682210255236,0.0
L55003,111,L,0,,No Failure,296.0,304.0,305.0,314.0,1382.7433196514146,1585.3804119530503,45.13318127774366,61.22729366514193,40.99330831629332,162.49019680873752,133.79192502093218,68.55887840160254
L55061,119,L,0,,No Failure,296.0,304.0,305.0,314.0,1330.2410519618593,1605.6177735099702,32.53832573197733,45.84915130333791,19.739582559769154,79.792314020407,183.96145873073186,84.76962996424876
L55184,83,L,0,,No Failure,296.0,304.0,305.0,314.0,1462.913716435071,1701.4277186583463,36.69430063346824,58.80512329852379,55.91993366894444,162.0,134.84450432187313,65.64473153544625
L55204,72,L,0,,No Failure,296.0,304.0,305.0,314.0,1200.0,1569.3964213144316,32.997140626572026,44.52919270206908,78.8114010060837,217.0,104.61358251760925,49.56591148286983
L55206,85,L,1,76.0,Overstrain Failure,296.0,304.0,305.0,314.0,1321.6930829164892,1585.4390449847815,42.72042693537775,70.0,59.34066124270093,222.0,85.86282557306109,0.0
L55257,103,L,0,,No Failure,296.0,304.0,305.0,314.0,1349.5845285475848,1630.526931617494,34.092946005519856,45.3044410633627,42.72807698302777,121.0,149.57285752062455,74.54398966971617
L55298,111,L,0,,No Failure,296.0,304.0,305.0,314.0,1398.3756117142111,1603.279102621796,27.29392305373877,39.2076573892858,3.8196725690228837,16.0,152.5221814188084,85.49183052315371
L55304,100,L,0,,No Failure,296.0,304.0,305.0,314.0,1422.2256182806434,1700.2874196649707,34.055176190126275,48.05454621528008,10.09937525757156,32.0,148.98882958191766,78.87794864759125
L55342,118,L,0,,No Failure,296.0,304.0,305.0,314.0,1437.284524583321,1704.5380873346116,29.499249219952915,41.19313831226259,38.5934646203234,133.0,149.41795808159142,70.94901760637458
L55352,76,L,0,,No Failure,296.0,304.0,305.0,314.0,1423.79709144104,1696.9251857842642,24.588183562688325,32.288779450940325,61.70779799980645,160.0,132.59524036229982,57.99766023654054
L55410,91,L,0,,No Failure,296.0,304.0,305.0,314.0,1550.5938156541956,1796.88565331516,22.651842820363072,32.173278253252974,21.777087668867875,74.0,120.76423243555293,64.30695703654388
L55499,84,L,0,,No Failure,296.0,304.0,305.0,314.0,1298.5986199153747,1516.9003311778383,38.5430629898884,51.94827035829995,23.105195864612924,99.0,132.96760424148863,67.9914872033553
L55551,98,L,0,,No Failure,296.0,304.0,305.0,314.0,1695.4610886302667,1950.7289958471129,18.68564123628393,24.785887004557626,7.3898912753043735,29.0,132.37011941520328,66.07287632690583
L55607,70,L,0,,No Failure,296.0,304.0,305.0,314.0,1200.0,1752.792701625305,38.39764340840621,52.966444055241396,42.271292279822504,176.0,98.48616022745455,48.685184433905626
L55646,76,L,0,,No Failure,296.0,304.0,305.0,314.0,1360.0192072021462,1570.1263073156176,32.59685835796845,44.08601752393843,15.18253651014297,62.07117114331185,113.18008076253264,56.637627940731484
L55650,117,L,0,,No Failure,296.0,304.0,305.0,314.0,1436.301810709923,1689.3714903293483,32.07888500175434,44.49438422277416,29.167407359488315,74.0,140.6877649789236,69.88510794944398
L55662,66,L,0,,No Failure,296.0,304.0,305.0,314.0,1466.420403189829,1640.973762957066,32.849733400019545,45.40858518673104,28.73095435785033,106.0,83.97381371794563,41.6399239793761
L55667,86,L,0,,No Failure,296.0,303.6908193036776,305.0,314.0,1277.5890176334776,1518.6331565271503,42.73218376322328,59.450862390743964,24.37026008392084,118.00361591049686,138.6354878637991,66.88250190371215
L55748,83,L,0,,No Failure,296.0,304.0,305.0,314.0,1611.0079527689697,1856.8842489262195,24.9459930651662,35.25216180148095,43.535363250645425,116.91923456920054,120.38260182984838,60.09304534306255
L55785,113,L,0,,No Failure,296.0,304.0,305.0,314.0,1524.8950388108808,1771.9366477372523,27.82493177664923,38.38657910900857,66.3847330470469,213.0,164.94748533790832,81.40856488017143
L55850,83,L,0,,No Failure,296.0,304.0,305.0,314.0,1454.9181852175734,1709.6038793743028,25.65738488804982,34.451526563791674,52.28493319378873,155.0,128.27612716644808,62.868520396054116
L55870,60,L,1,50.0,Tool Wear Failure,296.0,304.0,305.0,314.0,1200.0,1392.6197965900208,39.23223498650215,53.40088128249324,72.42875707031128,207.0,60.40474076873375,0.0
L55890,95,L,0,,No Failure,296.0,304.0,305.0,314.0,1511.1444530218102,1769.0293838601613,27.228926563514168,38.274505371514294,17.42985146490502,48.0,121.39291884647815,60.16211396691096
L55893,71,L,0,,No Failure,296.0,303.22039617728655,305.0,314.0,1686.0392810836515,2087.2485311896253,20.72890468089097,27.17794366752773,13.561133831391778,54.0,103.80344348099034,50.41779196952388
L55906,120,L,0,,No Failure,296.0,304.0,305.0,314.0,1200.0,1957.8496894662226,28.107817852752078,37.91123458700462,17.423677415420716,84.5106173783105,143.460330184162,64.66629987403837
L55953,91,L,0,,No Failure,296.0,304.0,305.0,314.0,1453.909019579005,1677.6092910378122,31.635734610189242,43.38363864307826,0.7023759772765251,2.0013755502354114,123.13647063220874,57.987983190323305
L55979,112,L,0,,No Failure,296.0,303.1891180761641,305.0,314.0,1305.8224827534518,1758.9906697569888,35.57659893302251,47.98883771410212,26.242060861864907,67.0,171.96607103699768,85.14623930303807
L56190,111,L,0,,No Failure,296.0,304.0,305.0,314.0,1425.6280097024585,1615.0190709983356,32.21339980928722,46.998146550579165,57.35127144483943,195.0,158.21630771221487,78.45154668419075
L56198,92,L,1,61.0,Tool Wear Failure,296.0,304.0,305.0,314.0,1507.898104866127,1747.6696245731553,31.028030622252487,42.37136231359724,54.4177817871278,217.0,91.94844745153036,0.0
L56318,63,L,0,,No Failure,296.0,304.0,305.0,314.0,1364.7676056507103,1615.5205359096085,28.219239308001352,42.645693841121755,37.22649640763025,106.0,90.7827854055776,45.6538457758174
L56375,65,L,0,,No Failure,296.0,304.0,305.0,314.0,1401.0934493945174,1613.7820036609496,32.43842441294197,42.480962212627055,10.666280965660759,47.0,94.59458272105655,44.86681940787354
L56495,107,L,0,,No Failure,296.0,304.0,305.0,314.0,1540.1269198683278,1800.9264045337452,34.84311332666249,48.40688877611556,44.71204272814231,153.0,165.0190579932296,90.10817208225863
L56524,74,L,0,,No Failure,296.0,304.0,305.0,314.0,1417.3013494097295,1684.7109809157232,28.770474309140372,38.71163802299895,3.6169971279419277,16.12836066843375,90.09729385366627,47.013332871332686
L56576,96,L,0,,No Failure,296.0,304.0,305.0,314.0,1383.7164248711626,1598.67228542175,40.106532304309766,56.395670480919634,61.356730127286866,161.7515807527521,133.38737319163332,70.05536745838091
L56614,98,L,0,,No Failure,296.0,302.6139260575116,305.0,314.0,1437.7174019546128,1696.982839241026,28.464934338041072,39.970818449740115,11.456081025641621,50.0,134.0097661349749,64.6489417752074
L56648,106,L,0,,No Failure,296.0,304.0,305.0,314.0,1280.948146250731,1482.2187164067846,46.447703107644664,65.52419100732118,32.71669267953824,145.0,127.22119086147131,66.82160805871422
L56724,97,L,0,,No Failure,296.0,304.0,305.0,314.0,1482.9291841576066,1731.5663094932281,25.841984500657233,34.86095637784273,24.573128411261397,122.0,127.32441114544184,59.86578282559962
L56756,70,L,1,59.0,Tool Wear Failure,296.0,304.0,305.0,314.0,1798.4918661548452,2117.171509312727,21.10061435349495,28.983929157552556,74.60461894103288,205.0,68.87355709542591,0.0
L56774,68,L,0,,No Failure,296.0,304.0,305.0,314.0,1659.0377324705528,1860.4899680789879,24.00823201276939,33.341964342361216,13.97528551573836,43.0,98.89230010160072,47.20258068470716
L56777,113,L,0,,No Failure,296.0,304.0,305.0,314.0,1390.4227590752369,1604.0191218086393,32.30219905821437,44.67627228927459,13.289942284401148,52.0,164.36584202862215,87.60993039355428
L56839,92,L,1,81.0,Overstrain Failure,296.0,304.0,305.0,314.0,1200.0,1418.6910788057542,52.45085524405069,70.0,70.2977105520845,216.0,96.54318207732771,0.0
L56856,91,L,0,,No Failure,296.0,304.0,305.0,314.0,1630.406002310442,1931.412699999054,18.23191045755068,25.437263418717283,4.307634682835597,13.0,148.4065408021297,80.92067077907022
L56871,78,L,0,,No Failure,296.0,304.0,305.0,314.0,1526.0208709585563,1772.6523111593604,27.304006130922442,37.13788988845034,18.353926618433448,51.0,127.3086623588606,68.69120562189404
L56899,96,L,0,,No Failure,296.0,304.0,305.0,314.0,1200.0,1356.8450583722474,48.09337100011283,64.66086355288974,25.07058919691154,119.0,116.8686524597262,56.635251908281425
L56949,75,L,0,,No Failure,296.0,304.0,305.0,314.0,1280.8639510890814,1456.7240770546184,39.76469031598227,56.97727506387118,5.497325835205574,25.0,132.49430289968274,66.95258110101842
L56978,67,L,0,,No Failure,296.0,304.0,305.0,314.0,1370.252740410219,1833.437770203141,38.27438199150308,50.96811514775,46.44408044525367,119.0,105.84002940619827,51.874024298305
L57010,87,L,1,80.0,Overstrain Failure,296.0,304.0,305.0,314.0,1200.0,1419.2521057896702,48.27175905456,70.0,77.00643745216261,206.0,89.3661649053999,0.0
L57126,81,L,0,,No Failure,296.0,304.0,305.0,314.0,1200.0,1760.8246060752695,35.74746911132581,48.3868956623766,28.442153065852008,103.0,104.07187385772602,51.49145528890935
L57130,87,L,0,,No Failure,296.0,304.0,305.0,314.0,1296.464494616833,1564.395558389568,45.63505660156889,61.99627913945289,26.624571759985397,113.1515805592061,128.60945084844641,66.52211375494804
M15067,112,M,1,80.0,Power Failure,296.0,304.0,305.0,314.0,1295.77681141754,1561.7972712481787,52.34859753664226,70.0,29.298793043002433,119.0,115.30601474573284,0.0
M15097,61,M,0,,No Failure,296.0,304.0,305.0,314.0,1550.7163483073682,1776.3408957644226,31.7082579652494,42.09346829032495,71.73859718639885,190.0,85.1103050076304,42.436109969394046
M15122,82,M,0,,No Failure,296.0,304.0,305.0,314.0,1700.9521387087586,1926.08349151133,23.217576647499286,32.03204838877575,7.161792934493287,27.0,110.10008487775656,52.666961107061994
M15199,89,M,0,,No Failure,296.0,302.8174948181688,305.0,314.0,1511.7254181146293,1820.0221169250703,26.536280363123677,37.98641429100998,5.612134951093063,17.0,138.9073340315101,70.59729722640273
M15364,77,M,0,,No Failure,296.0,304.0,305.0,314.0,1352.962668718526,1538.4233082254182,35.145707902734415,47.36250624898392,0.8550392081617483,3.0,131.72975869808715,59.60086760865872
M15390,68,M,0,,No Failure,296.0,304.0,305.0,314.0,1681.6851786786328,1930.9044727678024,27.444560346566867,37.17250941360437,25.41945884160631,65.0,104.85993563410543,56.469608786237934
M15426,92,M,0,,No Failure,296.0,304.0,305.0,314.0,1402.7727277227004,1656.398467558128,28.26131562786865,38.717070249789714,43.810784565209374,165.0,141.78352600001253,73.32620810690563
M15535,118,M,0,,No Failure,296.0,304.0,305.0,314.0,1351.8943489562112,1570.7586017063122,38.29511705469322,53.114814854781606,0.5644743539344472,2.0,135.9378483671309,69.69381738123312
M15566,69,M,0,,No Failure,296.0,302.7553742424865,305.0,314.0,1327.5904273373085,1533.3070143110874,37.62518439976853,50.546815487358536,22.406830733331176,96.0,120.441734608971,60.82896489741181
M15614,120,M,0,,No Failure,296.0,304.0,305.0,314.0,1359.616430037462,1625.9661377095706,36.91018780651516,51.74626531545135,61.07610632839933,219.0,162.58559723527506,78.49734517917386
M15653,96,M,0,,No Failure,296.0,304.0,305.0,314.0,1494.2799451877304,1758.4206855659718,27.60955475103534,36.6291288953796,16.403683986608623,76.0,150.11017111630287,80.11467512316096
M15656,96,M,0,,No Failure,296.0,302.45547689825395,305.0,314.0,1887.639185728308,2208.676164332157,15.594988117381018,21.908656760611176,30.621909172852206,86.0,144.37072178844133,69.91790068770267
M15894,65,M,0,,No Failure,296.0,300.27469405200026,305.0,314.0,1795.553079856099,2136.2467283044207,15.955167066777154,21.49950124321389,19.217946418362974,67.0,93.60617186705001,51.56306538189088
M15959,112,M,0,,No Failure,296.0,304.0,305.0,314.0,1351.0505187042054,1561.0566927953382,37.37599672019247,52.14030571414498,10.117259384005088,30.01070017031234,135.19486610235685,63.49569543881113
M16057,115,M,0,,No Failure,296.0,304.0,305.0,314.0,1316.4469587326444,1519.8891319399033,38.46984208340291,55.63518865396919,23.212050358702538,61.25170634926296,130.9179999078955,64.35227990726688
M16091,63,M,0,,No Failure,296.0,304.0,305.0,314.0,1486.0245972806645,1712.4821887210992,34.62750685634385,46.71365444113939,59.19667650617169,158.0,116.4747294974452,57.687382237782785
M16294,119,M,0,,No Failure,296.0,304.0,305.0,314.0,1226.0441682671074,1465.2003764874205,42.42780967504457,57.50496930851214,7.84668618762953,27.190633412588138,145.33911596094228,69.24214194008243
M16299,96,M,0,,No Failure,296.0,304.0,305.0,314.0,1534.0,1784.2963434192231,31.263615395821468,43.11120883502948,13.090147348314336,47.0,119.31592652055309,58.06521097935334
M16447,66,M,0,,No Failure,296.0,304.0,305.0,314.0,1298.1338007759941,1519.925095025108,37.80901063375246,50.8614911102905,68.6682688593704,200.20162434988984,104.37966145646358,54.14785755689782
M16744,80,M,0,,No Failure,296.0,304.0,305.0,314.0,1627.5689080051434,1946.1617675827854,22.156281798852742,30.25586289681116,37.17075175553627,119.0,105.50995396258233,54.6806180906092
M16888,118,M,0,,No Failure,296.0,304.0,305.0,314.0,1220.9907464119315,1423.1420507129478,38.896389233880214,54.171982587353405,18.594324860035115,74.0383856521139,168.25823855299026,77.76152317157432
M17026,84,M,1,60.0,Tool Wear Failure,296.0,304.0,305.0,314.0,1762.6318795254897,2097.872779572426,20.244128505790798,29.19755978158235,84.48271802604353,225.19270882536463,82.5144487500293,0.0
M17132,62,M,0,,No Failure,296.0,304.0,305.0,314.0,1364.37606124389,1594.314806718096,42.601145070281824,60.785547001028846,18.658869336261738,71.0,119.88817042199385,60.41260390273591
M17212,91,M,0,,No Failure,296.0,304.0,305.0,314.0,1400.2068949967113,1585.0264241118218,37.59044267697802,53.17993392314167,8.458168020395782,37.0,122.74095256473574,65.30270321132684
M17283,86,M,0,,No Failure,296.0,304.0,305.0,314.0,1760.3296973931451,2079.5841834273483,16.972334891156844,22.553392513251257,7.036034031318231,23.0,111.27927670613117,55.51162256077988
M17361,62,M,0,,No Failure,296.0,303.79833122152996,305.0,314.0,1380.688081569843,1578.506553557195,35.96250263104875,49.0903815003745,73.00885813071197,225.0,89.39666554555583,40.779273368430644
M17531,81,M,1,43.0,Tool Wear Failure,296.0,304.0,305.0,314.0,1308.0702940130893,1570.8599827889864,35.79427440618655,52.195969923931884,75.74429607499874,221.0,82.36161803195698,0.0
M17563,99,M,0,,No Failure,296.0,304.0,305.0,314.0,1202.6776931865227,1449.9208362994693,49.36819091190431,69.2149580215795,25.114096879602606,65.0,154.15368206139658,80.36581544709834
M17629,114,M,0,,No Failure,296.0,304.0,305.0,314.0,1311.9938914443815,1570.5271510354094,31.648562201880104,44.66898122814037,3.7909889545611066,13.0,155.70961581661177,76.60086418450115
M17957,116,M,0,,No Failure,296.0,304.0,305.0,314.0,1210.3144365085338,1421.1967640364173,42.419066496013244,60.37765931887216,46.63450227029922,182.0,166.4912672295419,81.81827825794927
M18068,67,M,0,,No Failure,296.0,304.0,305.0,314.0,1316.1039280797297,1519.8217116776466,36.421229423989686,47.89166372919934,9.899147017349142,40.0,121.63692065128367,62.20806070803833
M18096,88,M,1,55.0,Heat Dissipation Failure,296.0,304.0,305.0,314.0,1235.446250275197,1473.6817232231065,53.02388786041955,70.0,27.20399302285528,113.0,91.34130603097688,0.0
M18119,116,M,0,,No Failure,296.0,304.0,305.0,314.0,1537.6390661851385,1791.169752664307,27.01740544328439,37.1232616193176,46.201483419109984,173.0,169.38212639624703,86.40035016340605
M18187,92,M,0,,No Failure,296.0,304.0,305.0,314.0,2356.398229734873,2500.0,11.374712736757601,17.299292698299507,37.617407882618195,126.0,138.80653474731136,72.01507538529881
M18235,74,M,0,,No Failure,296.0,304.0,305.0,314.0,1336.3690921980128,1585.4306714980974,40.13933819531193,54.789574915555434,9.609172621234977,27.0,113.87507697525727,55.951752194295004
M18269,94,M,0,,No Failure,296.0,304.0,305.0,314.0,1639.983650485077,1874.7882331736962,26.065714910305957,34.314227149441884,41.30557670217429,120.51451949648444,145.70653719644818,71.2513851557842
M18362,113,M,0,,No Failure,296.0,304.0,305.0,314.0,1275.632418698641,1502.0664686456084,37.87476572456459,50.91031606616322,42.24370463183021,142.0,141.01129589879466,67.80769506625028
M18372,108,M,0,,No Failure,296.0,304.0,305.0,314.0,1274.1529614068038,1492.5042523720163,41.373217097764176,57.3718026454114,49.36663103590162,168.0,135.54975877960308,73.17495461101997
M18483,100,M,0,,No Failure,296.0,304.0,305.0,314.0,1454.418055490419,1696.4004361620364,30.774741041068978,42.96692247027754,8.179994684806607,27.0,120.84805844063962,57.15394529849805
M18519,65,M,0,,No Failure,296.0,304.0,305.0,314.0,1641.616378186999,1957.2899228397935,21.78510477536722,28.540719817652047,24.27356716065236,116.0,92.6217120064745,46.21117762545604
M18567,75,M,0,,No Failure,296.0,304.0,305.0,314.0,1339.430346917675,1581.3078120950838,31.19425432203322,44.55729171010954,10.752527809156566,28.0,113.86580078297739,62.371366599512264
M18575,66,M,0,,No Failure,296.0,304.0,305.0,314.0,1370.6991705790776,1595.3383575332846,33.85946367651495,52.27618889794936,14.245488193576424,46.0,117.55721433041381,58.802801643825305
M18599,62,M,0,,No Failure,296.01713433869736,304.0,305.0,314.0,1548.7552936382106,1793.584140109551,24.52020487392471,33.856628223933754,24.269002299809934,115.0,101.12604493162077,49.12722346272655
M18666,60,M,1,43.0,Heat Dissipation Failure,296.0,304.0,305.0,314.0,1280.5319335286108,1502.6294880059388,38.19812541571066,52.4477373224407,22.307266775807246,67.0,61.50062576129522,0.0
M18670,103,M,0,,No Failure,296.0,304.0,305.0,314.0,1387.7052431766967,1655.2550024746056,32.42757261217462,43.43452711166375,28.007207964814768,78.0,128.90289569398593,65.13111966581202
M18727,88,M,1,73.0,Power Failure,296.6996756775263,304.0,305.0,314.0,2446.6650544903564,2500.0,10.0,11.926898444559383,0.41392000750029573,2.0,90.26499117773207,0.0
M18782,74,M,0,,No Failure,296.0,304.0,305.0,314.0,1694.4786222941289,1948.4435628465212,25.159579915193362,34.52185439044253,56.506162220773845,151.0,129.59070307197246,63.22079708732254
M18795,78,M,1,73.0,Overstrain Failure,297.5533693022567,304.0,305.0,314.0,1200.0,1299.1501483743064,60.567861169404075,70.0,69.31783894864893,187.0,77.66979064612993,0.0
M18827,64,M,0,,No Failure,296.0,304.0,305.0,314.0,1289.7243022319788,1534.5125000037092,38.82972445140976,54.62285512138497,15.871797815586687,59.0,112.07723890579189,56.39422806094421
M18837,62,M,0,,No Failure,296.0,304.0,305.0,314.0,1348.6358885575216,1582.3472180057418,31.492068166512606,42.8894921090835,28.536591236327954,91.46370653954106,104.56158021960641,51.16877558825553
M18884,107,M,1,82.0,Overstrain Failure,296.0,304.0,305.0,314.0,1284.1054364048791,1540.4109384753235,49.98663719343838,70.0,79.3607039954931,207.0,108.59071991361296,0.0
M18925,95,M,0,,No Failure,296.0,304.0,305.0,314.0,1349.437890933339,1879.3017956970696,30.42825135580103,44.13495634300772,17.91108019050098,70.0,136.95338967432477,70.92283803307086
M18995,83,M,0,,No Failure,296.0,304.0,305.0,314.0,1607.1742385459236,1882.0437237636336,21.858213846341577,31.005606907847636,6.9607579411734735,33.087314022441156,136.46289352184314,70.76703719610042
M19011,112,M,1,95.0,Heat Dissipation Failure,296.0,304.0,305.0,314.0,1253.09379108029,1489.5969144601058,41.510118367809426,60.34051176531344,21.807481986917445,73.0,110.00195985710312,0.0
M19056,119,M,0,,No Failure,296.0,304.0,305.0,314.0,1444.3354394067599,1721.995696399545,30.51304224443021,40.59507126748728,70.2647126383559,190.0,157.59316170583702,78.66834092441903
M19082,103,M,0,,No Failure,296.1426032314625,304.0,305.0,314.0,1518.0130478552915,1745.3121928510618,33.157485263520954,45.70809623696437,8.394896472771018,34.049800590620045,142.6799793227641,68.55175892164546
M19152,79,M,1,62.0,Power Failure,296.0,304.0,305.0,314.0,2151.7277193318773,2500.0,11.725333902325556,17.748763856962665,46.28149265196917,205.0295263294546,77.94005859413409,0.0
M19344,101,M,0,,No Failure,296.0,304.0,305.0,314.0,1258.5026526553197,1474.9344806585964,37.0676528089636,48.94199304371783,7.678923642778082,35.01844954704771,145.74974578691868,76.48666634193967
M19393,61,M,1,48.0,Heat Dissipation Failure,296.0,304.0,305.0,314.0,1347.3453091123436,1565.8748993176737,45.233356050848954,62.2716038723022,49.301607991350636,161.0,59.242334425934416,0.0
M19462,105,M,0,,No Failure,296.0,304.0,305.0,314.0,1359.0793034815824,1593.988817853923,34.61981278774673,48.796728865287896,45.56442517350961,120.66140361008215,152.1141304850293,74.24641172954465
M19478,88,M,1,67.0,Heat Dissipation Failure,297.4442334951451,304.0,305.0,314.0,1200.0,1392.0753611381758,44.56669067111898,66.11802755850657,32.340746331311905,164.45447708338014,82.27711641744973,0.0
M19513,88,M,0,,No Failure,296.0,304.0,305.0,314.0,1532.567566482795,1759.2720610765532,30.775862962187052,41.17711672214247,4.176251974078355,13.0,129.45070525856553,68.49980409080752
M19597,108,M,1,95.0,Heat Dissipation Failure,296.0,304.0,305.0,314.0,1233.5261982117142,1491.6374130724273,48.47873538933136,70.0,0.5178430252137857,2.0,104.43786530601994,0.0
M19791,85,M,0,,No Failure,296.0,304.0,305.0,314.0,1617.0254489423976,1914.412034980574,24.634919932314617,41.55950116422855,24.83065586025551,80.0,136.40358907745275,66.2027706744823
M19798,84,M,0,,No Failure,297.62830928654756,304.0,305.0,314.0,1532.8677272437305,1762.2677373868319,25.667160140781867,35.17999767289036,22.20273746768903,98.0,110.54243687679379,53.097216089199556
M19839,106,M,0,,No Failure,297.29495444025974,304.0,305.0,314.0,1422.0441083961455,1680.7367114341935,29.987824130383103,42.29415844211311,57.35769857362395,200.1726414954732,146.41230094536039,73.55020742579015
M19960,108,M,0,,No Failure,296.392823119053,304.0,305.0,314.0,1348.7921504778599,1584.5376303767464,38.658199659369586,54.86389088147885,39.36573170497638,102.0,157.128180833917,76.75998311451129
M20152,88,M,0,,No Failure,296.67575367534903,304.0,305.0,314.0,1385.5967758026284,1654.3559087199903,28.99564769427147,42.415277005236305,58.99135977881847,168.0,110.37473740209833,53.797661729785
M20160,92,M,0,,No Failure,296.0,304.0,305.0,314.0,1546.0158198875547,1807.9182502898564,22.05068502000297,30.48317276398868,48.555615931015154,190.0,138.06973228361556,69.00037619545878
M20183,111,M,0,,No Failure,296.0,304.0,305.0,314.0,1322.5681171078436,1541.9270086259799,41.134553330324486,55.28896494367533,8.82659785847118,34.0,158.5879161676603,86.26620809120153
M20186,93,M,0,,No Failure,296.0,304.0,305.0,314.0,1381.8965220375308,1619.590230158855,40.44818751699957,56.80783233924601,9.192379725355062,42.0,148.810308523967,76.31384064025579
M20233,75,M,0,,No Failure,296.87138361920455,304.0,305.0,314.0,1585.166232969674,1897.0062009955595,19.423810830318786,30.30592885570326,47.70725375556797,180.0,128.33447438510868,60.874293320890594
M20275,87,M,0,,No Failure,296.0,304.0,305.0,314.0,1328.3735272609515,1522.9542528990387,43.13985258176814,65.26323041449139,7.643512138004679,33.0,116.9490054603219,61.28062405577572
M20441,61,M,0,,No Failure,296.0,304.0,305.0,314.0,1417.79076646374,1673.6313823905625,39.601226387877105,54.592340948567966,13.591053925779107,37.0,98.8551591922476,51.91631971106475
M20456,61,M,0,,No Failure,296.0,304.0,305.0,314.0,1465.4471166874118,1634.6817352417074,31.743602855341752,42.301025665308686,19.889801742284412,74.0,107.82003675231306,53.97698266276016
M20467,98,M,0,,No Failure,296.2284306496086,304.0,305.0,314.0,1668.8138652118348,1995.988636776037,21.573187413804337,29.783453405664336,38.95513823876664,98.0,158.5054599010054,82.58838013220722
M20516,94,M,0,,No Failure,296.0,304.0,305.0,314.0,1214.1008405026944,1420.2217077185314,40.41256660864411,54.245481243294904,0.8695914661635477,4.0,123.41955766396835,58.92928061422506
M20518,96,M,0,,No Failure,296.0,304.0,305.0,314.0,1356.1215019609665,1547.6697338748288,46.686344490626276,63.395582842250086,3.5371065659487786,9.0,150.23707076695737,74.87376126288487
M20519,103,M,0,,No Failure,296.0,304.0,305.0,314.0,1521.4312538003976,1791.8350758577244,25.22456355450412,34.731250200441615,2.804037555502663,12.0,143.15978080205386,72.58780682468742
M20534,94,M,0,,No Failure,296.0,304.0,305.0,314.0,1321.1208112666404,1546.9120680550493,26.418652566816537,50.773728637243885,10.939481961575648,53.166850656514235,113.38221094448012,58.097925087473
M20867,87,M,0,,No Failure,296.0,304.0,305.0,314.0,1200.3163330903483,1450.4880105103196,46.583347998804285,63.45218335763353,6.373862518867206,19.0,130.33409149848123,66.70181825231522
M21058,108,M,0,,No Failure,296.0,304.0,305.0,314.0,1329.7242400142086,1559.2568015480915,27.412382744763676,39.175986660119364,14.389012088046417,59.0,149.14263800031185,75.0628243666317
M21189,104,M,0,,No Failure,296.0,304.0,305.0,314.0,1559.5829786609743,2423.6848521562188,29.72583111477367,42.17231410623186,60.62913657822076,178.4507383893201,161.1772178028544,84.37578569677525
M21259,83,M,0,,No Failure,296.0,304.0,305.0,314.0,1290.520997137918,1584.1561658891349,32.68312891581295,44.16234486721964,37.14300961036357,157.0,127.69603161632352,66.65248447537479
M21449,94,M,0,,No Failure,296.0,304.0,305.0,314.0,1450.1580910413795,1706.3620148347836,33.03021926714545,44.233600852462395,0.0,0.0,123.62654976135425,62.25136846165701
M21538,101,M,1,93.0,Power Failure,296.1010262550194,304.0,305.0,314.0,1263.5506635663937,1515.8144477661526,57.23199335453257,70.0,0.0,0.0,102.4616165960474,0.0
M21659,77,M,1,67.0,Power Failure,296.0,304.0,305.0,314.0,2485.4623465945306,2500.0,10.34126437285906,13.862025886582826,21.49232543873506,100.73247730930696,76.86850257218282,0.0
M21722,107,M,0,,No Failure,296.0,304.0,305.0,314.0,1287.778522409056,1515.823002261308,42.24791286640698,56.58716889607587,11.162610177903751,48.0,126.89360199427546,61.93707170239044
M21805,79,M,0,,No Failure,296.0,304.0,305.0,314.0,1790.395642710458,2047.1579398185117,19.255386203683116,26.335260559466025,19.85621159555041,53.0,113.20085203599203,59.556679810224225
M21857,87,M,0,,No Failure,296.0,304.0,305.0,314.0,1382.2868027648917,1637.3199873319859,32.95375713552365,46.4854691840378,46.19951738652099,187.0,105.94616942052421,56.074422473263965
M22092,107,M,0,,No Failure,296.0,304.0,305.0,314.0,1422.5241637894496,1715.1109362922139,34.21784951464419,49.28248083177405,47.41683573338822,159.0,155.0325530666542,78.63625169658592
M22122,66,M,0,,No Failure,296.0,304.0,305.0,314.0,1437.3297310320772,1688.514605801222,30.46704670567021,42.71592179062718,3.2288539379506025,16.0,126.763927724226,64.33581722665083
M22124,61,M,0,,No Failure,296.0,304.0,305.0,314.0,1408.0736466969288,1912.7923069161682,37.17261802278475,56.40803671408536,7.084449901627105,21.0,117.96871564231375,58.58644889800158
M22143,60,M,0,,No Failure,296.0,304.0,305.0,314.0,1392.9656832333621,1586.781659421951,49.16416613392855,70.0,21.404586955538754,68.0,96.02572867687691,44.807064763114425
M22212,103,M,0,,No Failure,296.0,304.0,305.0,314.0,1376.9714237916003,1597.2922838401057,35.7110876874542,49.682948666901055,7.055356916264573,30.0,131.22876797709438,61.494666873042235
M22857,74,M,1,62.0,Power Failure,296.0,304.0,305.0,314.0,2178.518111430537,2500.0,10.0,12.300650591815428,34.46232758420273,143.0,74.91052318498015,0.0
M22971,79,M,1,48.0,Tool Wear Failure,296.0,304.0,305.0,314.0,1439.1468314263816,1686.8894064191613,30.081750790463147,40.18330337264043,63.514257347306575,209.0,74.9295388569074,0.0
M22996,92,M,0,,No Failure,296.0,304.0,305.0,314.0,1254.1781922296468,1474.0,32.88826220575336,45.77177709867079,13.069286457336474,64.0,136.86215924585858,69.60932613499465
M23008,92,M,0,,No Failure,296.0,304.0,305.0,314.0,1404.9142441330707,1610.3989024823782,28.545693705869027,46.96810435657269,20.071960344399635,97.34404874564099,144.41394797133,70.12835448828137
M23216,68,M,0,,No Failure,296.0,304.0,305.0,314.0,1200.0,1382.017955756036,38.961506760360336,70.0,52.31876919309195,200.1496479016428,90.62029144629551,44.81761587551418
M23246,89,M,0,,No Failure,296.0,304.0,305.0,314.0,1369.6006469152821,1584.4464867510599,31.645876925506407,43.38677076814645,23.663692640994867,70.26827086513444,116.55073312275796,58.38866487089795
M23329,91,M,0,,No Failure,296.0,304.0,305.0,314.0,1226.0084699778204,1436.15649290498,54.123260237639506,70.0,24.70600019458365,71.0,134.48653704276222,67.81406023590824
M23411,71,M,0,,No Failure,296.0,304.0,305.0,314.0,1391.8013023228975,1592.380768906479,41.18064862360082,57.14168117298728,15.811171055119969,77.0,114.58564636346914,55.14706784476778
M23708,112,M,0,,No Failure,296.0,304.0,305.0,314.0,1396.3347436589759,1609.21643436989,38.535293262873026,52.8215068525186,0.48116201670075204,2.042563814941967,140.99532369066497,64.72952287246568
M23722,68,M,0,,No Failure,296.0,304.0,305.0,314.0,1200.0,1915.6432622477153,35.75181125822827,47.695985542001374,7.225851105177795,35.0,119.34880793434972,55.500097023450614
M23751,82,M,0,,No Failure,296.0,303.53775869134915,305.0,314.0,1549.6776640621945,1794.8567361230532,23.67101615890196,33.11037860465802,30.696375459857418,116.0,103.71905744003,53.01970496847673
M23824,78,M,0,,No Failure,296.0,304.0,305.0,314.0,1314.1212034968428,1553.1759490667675,39.220647833588714,52.76192495121472,24.147485125191025,85.34237445850512,139.07836419604703,67.7221863292416
M23874,100,M,1,89.0,Overstrain Failure,296.0,304.0,305.0,314.0,1301.804590229337,1563.3196137849397,54.34998694066951,70.0,56.92273503510782,207.0,92.26646828298048,0.0
M23918,73,M,0,,No Failure,296.0,304.0,305.0,314.0,1215.269726052116,1376.6575028407149,48.044186329669316,64.50889673195856,20.357128690856857,100.0,115.87501694898934,64.210064575552
M23968,99,M,0,,No Failure,296.0,303.62026347892936,305.0,314.0,1396.0680454414735,1604.403237837255,32.316477894691005,45.805875342162366,6.11242259248547,29.0,118.56696899065587,60.2572475154778
M24143,108,M,0,,No Failure,296.0,304.0,305.0,314.0,1690.375007163138,1927.6540923574682,23.772517031103106,31.534886538414913,20.116746910593644,71.0,124.30354499486376,61.67137256551305
M24185,106,M,0,,No Failure,296.0,304.0,305.0,314.0,1217.7494932015495,1903.3076078257843,35.190927295729686,47.78135673410287,50.85789262710527,177.0,148.38324549878794,73.52359759594628
M24748,85,M,0,,No Failure,296.0,304.0,305.0,314.0,1493.0957742557232,1750.2782736178333,29.343161937841074,41.101290867768206,58.25659694653302,149.0,132.2984974117696,62.9045353022879
M24781,110,M,0,,No Failure,296.0,304.0,305.0,314.0,1282.1990416708747,1464.909619695381,38.991976671070766,59.24615186338057,9.903604501446782,33.0,133.81551981356608,66.38894620503591
M24835,85,M,0,,No Failure,296.0,304.0,305.0,314.0,1402.2785049121358,1734.3393520647805,28.46818678612945,39.80835157700798,50.081004777176226,174.0,108.10259350518353,53.69070822995217
